Gene_Symbol,logFC,PValue
MYCN,3.4512134,1.85E-23
ODC1,3.374093633,6.65E-26
SLC30A3,3.1009541,2.79E-14
PHGDH,2.99677829,2.94E-23
NCAN,2.865831628,6.44E-13
TSSC2,2.833799,5.94E-16
DDX1,2.780835022,1.22E-08
NBAS,2.724888665,9.15E-12
LINC00839,2.61068,2.89E-14
PLEKHG4B,2.587943,5.90E-12
PRRX2,2.579025424,4.14E-14
TWIST1,2.562206819,9.53E-13
LRRN1,2.513968908,2.40E-13
MIR3648,2.506915,8.83E-12
RPL22L1,2.469186,5.49E-29
HSPA6,2.45778046,2.19E-09
CCNYL2,2.455311,7.93E-13
HBB,2.375745986,1.70E-08
RN7SL2,2.354048,1.73E-12
SLC38A5,2.335742,1.46E-16
EXO1,2.247974772,7.14E-35
ZNF695,2.231301405,6.24E-25
GEN1,2.190539,6.72E-13
HK2,2.184800267,1.52E-15
C19orf48,2.170279,1.19E-33
PRDM8,2.170124036,1.67E-11
DLL3,2.152567727,8.35E-17
DLK1,2.099565991,2.64E-05
SCRT2,2.096515,1.27E-15
BIRC5,2.094784133,5.95E-29
CDT1,2.069408,6.74E-29
MND1,2.067098,1.89E-29
FOXC1,2.063142361,7.04E-08
CRABP1,2.058765984,1.73E-04
MAD2L1,2.057569211,6.15E-31
CENPA,2.056806587,1.57E-30
CKS2,2.048080989,6.66E-32
DHRS2,2.026486625,1.52E-08
PSAT1,2.018712604,8.09E-21
FAM83D,2.014499,8.47E-29
UBE2C,2.001625738,9.57E-27
NEIL3,1.966967419,1.47E-14
RRM2,1.953111788,2.49E-18
CDKN3,1.948176911,3.36E-29
CDCA7L,1.944371353,2.85E-17
SPC24,1.943345,4.88E-31
CCNB2,1.941124561,3.10E-26
RPL36A,1.927376695,3.41E-33
CHEK1,1.923044723,2.90E-25
HPDL,1.907046,2.33E-16
BRIP1,1.906334,2.48E-24
NCAPG,1.890846306,1.80E-25
RNF150,1.886780584,2.53E-17
GINS2,1.882331324,1.43E-29
HMGB3,1.878777415,1.15E-42
DDR2,1.877839373,2.60E-11
CLMP,1.870795,3.80E-11
DNAH14,1.853371,3.86E-17
CDCA5,1.851089,4.44E-36
KIF4A,1.841778992,1.57E-30
KIF15,1.838016591,1.80E-22
MCM2,1.832789803,8.83E-38
XRCC2,1.831528294,5.69E-22
ISLR2,1.830983089,4.93E-05
RPL39,1.82920722,2.10E-29
BTBD11,1.828036,5.58E-11
HIST1H1C,1.824543363,5.64E-14
DEPDC1B,1.824036611,5.12E-24
CDC45,1.819351798,3.10E-24
TK1,1.817308961,5.22E-23
CENPF,1.813873789,2.25E-21
UBE2S,1.811150622,8.11E-42
MYBL2,1.810964487,1.20E-22
MPST,1.803247371,3.13E-33
RCOR2,1.802114,1.10E-31
ERCC6L,1.784668259,6.67E-11
NPM1,1.781978006,9.21E-29
MCM10,1.769730877,1.30E-23
KIAA0101,1.767291795,1.23E-23
DLGAP5,1.766586096,4.54E-23
ORC6,1.76658132,3.29E-30
FEN1,1.760979283,1.73E-38
SST,1.747182558,6.64E-04
AURKA,1.746216579,3.73E-30
RMI2,1.744607,1.16E-27
E2F1,1.742962658,7.24E-26
FAM49A,1.741466,1.66E-06
MTHFD2,1.736697046,1.28E-22
GAL,1.735245581,2.55E-06
RPS7,1.725848369,3.77E-28
PTTG1,1.724821161,2.53E-23
PDZRN3,1.721397534,1.13E-08
CENPN,1.714700671,7.76E-25
POLE2,1.711454103,6.22E-30
DANCR,1.71138533,9.18E-28
CDCA2,1.711092,5.60E-19
SNRPE,1.709162956,1.60E-28
STRA6,1.706616,4.40E-06
RNASEH2A,1.705558768,1.06E-39
COL26A1,1.704277,1.43E-08
KIF18A,1.700368,6.43E-20
FBL,1.696212586,1.35E-28
TMEM97,1.695821879,8.82E-22
CDK4,1.691046995,2.55E-22
AHCY,1.688034247,1.11E-31
SAPCD2,1.687683,3.84E-23
NME1,1.686461877,6.73E-33
CCNB1,1.686343462,2.35E-24
CPNE7,1.684748117,2.03E-06
RPS11,1.678553853,4.46E-29
LINC00478,1.678023,5.46E-08
DUSP4,1.677733602,7.80E-07
TMSB15A,1.675142039,7.14E-24
AURKB,1.67432271,1.24E-18
HOXD9,1.670321322,7.51E-11
CDCA4,1.670022351,6.36E-33
SLC1A5,1.669976584,6.52E-19
NCAPH,1.667020297,4.33E-24
SGOL1,1.6607,2.84E-17
LINC00221,1.659367,5.32E-09
ABCC4,1.658014682,1.99E-13
PLK4,1.654374398,3.53E-29
PHF21B,1.654066,5.27E-24
FBXO17,1.650296,5.32E-09
SKA3,1.648911,7.24E-23
CEP152,1.648876821,8.71E-19
CENPE,1.648349523,1.72E-15
CDK1,1.640686023,2.64E-20
FAM72D,1.638202,5.06E-14
NKAIN4,1.637878,1.35E-05
RPL36,1.635019806,7.96E-21
KIF20A,1.634885644,2.35E-21
TYMS,1.634273692,4.69E-24
CUX2,1.631141681,2.46E-07
RPL18A,1.629967913,3.46E-24
ASCL1,1.622409696,9.52E-07
H2AFX,1.621180084,2.95E-25
ASPM,1.621142,2.76E-19
MRPL11,1.616571,5.33E-40
CHAF1A,1.612329275,6.23E-29
FAM72C,1.610295,3.65E-13
SLC16A1,1.606924269,3.02E-22
PAICS,1.606741301,3.55E-30
PRSS12,1.606449183,8.34E-05
RPS21,1.605789075,5.05E-26
HAPLN4,1.605625,1.75E-11
DSCC1,1.599793,1.14E-23
SMO,1.597000396,1.17E-11
PAGE5,1.596961,3.69E-03
HJURP,1.595055644,1.68E-22
FAM19A5,1.588134928,4.12E-09
FAM84A,1.586265,3.91E-07
BLM,1.584573412,1.19E-23
HMGB2,1.582679714,6.49E-28
TRIB2,1.581551152,1.66E-06
ENDOG,1.580300181,4.60E-24
RPS15A,1.578936615,8.55E-29
ARHGAP11A,1.578922772,1.02E-18
PLK1,1.577889471,2.67E-28
GSTO2,1.574776,1.27E-06
NRGN,1.572381699,3.61E-10
RPS2,1.569752387,6.91E-27
MELK,1.569347492,1.27E-24
RPS3A,1.568331854,6.32E-26
ASS1,1.566786554,1.09E-06
EFS,1.566047751,2.74E-11
BAMBI,1.561404219,2.29E-10
RPS17,1.554976755,1.79E-21
EEF1B2,1.554187869,8.15E-20
RPS13,1.548408892,2.06E-29
CBLN1,1.545868597,5.36E-11
GMPS,1.545450662,1.74E-32
ZNF90,1.539771551,6.98E-15
FAM162B,1.537723,8.32E-06
LRBA,1.536507469,7.42E-16
SPC25,1.534891061,1.97E-23
THADA,1.532004926,6.45E-08
CCT2,1.528837479,6.99E-12
BUB1B,1.528295141,9.74E-22
HBA1,1.52561699,1.58E-04
PPP1R14B,1.517708572,7.27E-33
CDC25A,1.514768617,3.95E-19
TPX2,1.51415929,4.57E-23
SH3GL3,1.514152503,1.06E-07
FAM64A,1.504981863,5.91E-17
TMEM74B,1.503822272,1.49E-09
VRK1,1.501391742,1.67E-23
TRIM59,1.499671,5.84E-23
PARPBP,1.498800222,2.73E-18
CCNA2,1.492270893,8.01E-26
PBK,1.491552986,4.18E-18
CDC20,1.489876293,6.87E-16
RPS16,1.489591539,2.44E-26
DCTPP1,1.485866,1.41E-30
ASPDH,1.484969,4.81E-09
SNHG1,1.483743389,4.66E-19
IGF2BP1,1.48355874,2.75E-08
DHFR,1.4830423,4.34E-25
OCIAD2,1.48224,1.41E-09
TANC2,1.481089167,3.52E-10
KIF11,1.479031335,1.44E-17
TRIP13,1.477114938,9.44E-24
NME1-NME2,1.475340012,1.09E-25
MKI67,1.472032445,2.49E-15
ASF1B,1.470667077,3.44E-20
BUB1,1.466873344,7.49E-21
SLC29A2,1.464698447,4.87004E-13
RNU1-1,1.462913703,7.91E-11
CENPM,1.459188,9.24E-23
SLC27A2,1.457898524,3.38E-09
RAD51,1.456401983,5.63E-22
C4orf46,1.45565,1.15E-27
MPV17L,1.455306,4.43E-11
RPL39L,1.453951,4.41E-14
KIF18B,1.45176,4.25E-16
RPS5,1.451542015,6.16E-20
RPS29,1.448687903,2.11E-23
CDC25C,1.443217891,4.25E-19
RPS15,1.442498386,2.63E-23
E2F8,1.44077,6.14E-10
RPLP0,1.440499851,1.67E-24
RPL9,1.44043271,6.50E-21
RPL18,1.438430321,2.15E-24
FOXM1,1.438225341,8.36E-18
CCNB1IP1,1.437132134,2.91E-16
CEP55,1.435187025,1.08E-16
BZW2,1.433070505,8.25E-25
TMA16,1.432448914,3.65E-19
RPL29,1.432241488,1.50E-17
NUF2,1.428861,9.23E-19
RAD51AP1,1.428199215,2.08E-21
CENPH,1.427841,4.24E-21
HRH3,1.427294287,3.35E-12
DTL,1.425897679,2.24E-20
RAB33A,1.425145445,7.57E-27
CDCA7,1.424698,3.89E-19
PKMYT1,1.424447597,1.10E-18
RPL38,1.422919169,2.18E-28
MIS18A,1.422097767,8.85E-28
RPL13AP5,1.42133,1.99E-20
MCM6,1.420734203,9.94E-25
RPS3,1.419723694,1.74E-18
PRDX4,1.419570149,9.42E-30
UNG,1.419233454,9.58E-33
RPL13A,1.415796601,1.35E-22
CNTD2,1.415205,8.49E-10
SNRPD2,1.415009505,3.82E-29
LY6H,1.414475373,8.05E-04
ETV1,1.410495761,2.57E-05
RPL35,1.408249808,1.39E-23
CENPW,1.406895,1.41E-21
PMCH,1.405060286,4.60E-16
MAB21L2,1.404896037,4.82E-08
RPL35A,1.403572694,7.42E-22
FLNC,1.40322005,7.11E-07
EIF4EBP1,1.400586248,7.36E-28
RPL13,1.400391479,3.41E-22
FAM72B,1.398023,7.32E-14
POLA2,1.397055928,3.53E-34
MIR7-3HG,1.39658,5.27E-12
KIFC1,1.395621141,3.08E-16
ESCO2,1.395245,8.80E-14
NR2F1,1.392129273,4.55E-05
MYOZ3,1.38751,1.67E-09
TENM4,1.386398762,9.52E-09
PCNA,1.384892308,3.33E-28
RPS19,1.382576547,7.44E-24
POC1A,1.382348591,1.31E-18
ECT2,1.381252908,1.25E-20
WDR62,1.38109,2.11E-20
ZNF121,1.380942507,1.90E-24
NOL10,1.380045,1.76E-10
STK33,1.378623,5.91E-11
CENPI,1.374484797,4.72418E-15
GSG2,1.373218,2.66E-11
GINS1,1.371525487,7.52E-24
BMP7,1.37142875,1.72E-05
GAS5,1.36996618,4.85E-13
RPL37,1.369351052,1.12E-19
FANCI,1.368411129,1.68E-21
IGSF9,1.367050242,6.97E-14
RPSA,1.365566285,4.16E-18
CSRP2,1.365406844,2.26E-15
POLQ,1.36527939,1.42E-10
RPLP1,1.363223449,3.25E-23
TACC3,1.35973829,4.10E-28
SUV39H2,1.35964,2.68E-21
RPL24,1.355955592,6.22E-22
FAM86C2P,1.355392,5.16E-12
OIP5,1.355332552,1.06E-16
FAM111B,1.353659,7.36E-12
RPLP2,1.353276872,2.84916E-26
NDC80,1.348601639,2.03E-17
PIF1,1.346903,1.99E-15
NEK2,1.34357284,5.23E-17
ALK,1.341036783,2.48E-08
HMGA1,1.34094103,1.88E-24
E2F3,1.340175185,2.39E-22
TPBG,1.338381169,1.42E-04
SLC25A5,1.335460789,3.77E-34
DEPDC1,1.33438014,5.55E-11
EME1,1.333752,1.29E-13
RASL10B,1.332962,1.78E-16
RPSAP15,1.332084,1.54E-11
RPS27,1.327713512,3.59E-23
SHMT2,1.327107474,5.11E-13
ZWINT,1.32603622,3.04E-19
NXT2,1.325958952,9.24E-09
CEP44,1.325752,1.38E-11
RPS24,1.325734627,1.72E-18
NETO2,1.324392,6.58E-14
NME4,1.323650145,1.09E-34
IQGAP3,1.322268,3.86E-15
RPL13AP20,1.321458,1.55E-13
RPS4X,1.317347051,1.57E-18
RPL27A,1.314416434,1.74E-26
SOX11,1.31301732,2.38157E-16
ZNF93,1.308565,4.37E-16
PDK1,1.308376773,1.32E-13
RRP9,1.308033986,3.93E-17
GMNN,1.307443207,8.86E-23
APEX1,1.307348572,1.10E-30
H2AFZ,1.307005599,3.61E-38
UBE2T,1.301757753,1.86E-28
RIBC2,1.300054407,4.98E-08
GALNT14,1.299256,1.38E-05
SLC35F2,1.29822754,2.25E-07
CBS,1.297497638,5.11E-12
MIR17HG,1.294849,5.75E-08
SMC4,1.292887207,3.96E-18
KIF23,1.290829619,3.16E-16
CDC6,1.290072161,5.43E-14
GTSE1,1.288647264,1.09E-15
POLD1,1.288395169,3.05E-28
LDHB,1.287102878,8.08E-19
SSR4,1.285224791,3.81E-31
NMNAT3,1.283434,1.43E-05
NUDT1,1.283145364,1.52E-21
SNRPD1,1.283071382,1.59E-30
SAP30,1.282254135,8.49E-28
RUVBL1,1.281567589,9.91E-33
SNHG7,1.281333,5.80E-13
TKT,1.281027036,3.87E-16
RPL23,1.279855411,5.21E-19
KCNK9,1.279732785,1.83299E-06
SNRPF,1.279719212,1.45E-31
ZFAS1,1.279674,2.99E-14
GULP1,1.279260727,8.95E-05
CDKN2A,1.276825992,1.55E-06
ZNF852,1.276597,3.69E-10
RRM1,1.274674535,1.39E-33
RPL10,1.274511793,2.10E-23
CMBL,1.274076,1.94E-11
ESPL1,1.273703489,7.20E-16
RPS4Y1,1.272907247,3.17E-02
NUSAP1,1.269120744,4.20E-16
RTKN2,1.268963,1.41E-12
RN7SK,1.268714,2.25E-07
RPL31,1.268070368,1.31E-18
LRR1,1.267071,1.20E-22
BOLA2,1.265327,3.12E-14
ZNF239,1.263901645,8.31E-15
TTK,1.263586353,2.00E-13
FAM72A,1.263373,1.21E-12
ITPRIPL1,1.262814,1.13E-15
SNHG16,1.262132,1.31E-27
ATAD2,1.260827237,3.53E-16
FAM101A,1.260598,6.45E-08
METTL1,1.260422163,9.93E-11
KIAA1524,1.259322374,2.60E-16
RPL32,1.257942036,1.66E-14
MDK,1.255671919,3.64E-26
TOP2A,1.253934966,5.46E-11
KIT,1.252295011,9.34E-05
ZBTB12,1.251373,6.56E-24
GMDS,1.250374696,4.08E-09
SKA1,1.249297,1.28E-15
CITED1,1.249276249,4.48E-09
CHEK2,1.248674357,9.87E-20
C11orf82,1.248198,7.04E-11
RFC4,1.247717145,2.01E-35
MLLT10P1,1.246367,9.85E-09
SCARNA13,1.24516,4.64E-08
ATF5,1.238679022,3.98E-09
EBF3,1.238475,1.03E-03
HIST1H2BH,1.233919959,5.24E-06
FBXO43,1.233196,1.55E-07
C17orf89,1.232982,2.89E-23
RPL34,1.231643739,1.27E-20
RPL7A,1.23084168,3.33E-18
PTRHD1,1.230381,1.77E-15
ALYREF,1.228209522,1.60E-31
TEAD4,1.226921434,1.55E-11
TNFRSF10B,1.226396139,3.36E-10
ZNF367,1.226213,7.36E-16
PYCR1,1.22501878,1.15E-25
EBP,1.223914731,1.01E-35
MCM5,1.223548807,9.74E-21
EEF1G,1.22310891,2.00E-20
GPR125,1.22206,9.51E-21
RPS25,1.22064834,9.93E-16
FBXO5,1.219523785,2.42E-17
RPS10,1.219147255,8.68E-20
AEN,1.218648,6.33E-20
BAI1,1.217237696,7.77E-10
DBF4,1.213837964,3.03E-19
FZD5,1.213651703,2.17E-06
SKP2,1.211744293,1.72E-19
ARC,1.211632005,1.12E-07
KRT18,1.210574214,6.29E-06
GNB2L1,1.209211872,2.37E-16
TROAP,1.209171253,3.30E-13
PUS7,1.208076594,3.27E-16
SYT14,1.206934,3.93E-12
SLCO5A1,1.205931,1.92E-08
KIF14,1.205521332,3.77E-10
RPPH1,1.204546,1.06E-07
CBLN2,1.202192,5.53E-04
B3GNT5,1.202092,3.72E-10
PTPN5,1.201716,3.68E-04
SNHG8,1.200098,8.33E-12
NPM3,1.199848375,2.81E-18
CASC5,1.199706664,9.66E-12
ENC1,1.199080333,6.62E-07
TIMELESS,1.198739109,1.61E-24
E2F7,1.198221,7.24E-06
TST,1.198051202,7.85E-11
HSPD1,1.196998904,4.80E-22
ZNF703,1.195215,7.84E-07
RPS6,1.192887429,2.71E-16
NPTX2,1.190683028,9.71E-04
ZNF891,1.188185,7.89E-08
KIAA1958,1.187147,4.51E-11
LMNB2,1.185216,1.25E-22
DDX39A,1.182233075,1.73E-29
PRR11,1.182224188,2.59E-13
SNRPB,1.181566434,2.09E-36
MCM3,1.180130182,1.68E-24
FAM201A,1.179774,2.91E-06
MYB,1.179340947,7.40E-07
RPS14,1.178760426,3.07E-18
SLC25A6,1.178483438,2.89E-15
BRCA1,1.177859558,6.03E-16
EXOSC5,1.177013444,6.22E-17
CENPK,1.174629411,1.96E-17
SAC3D1,1.174420324,5.89E-22
RPL5,1.172973665,6.80E-16
LSM4,1.171980723,3.17E-30
KIF2C,1.170173354,3.29E-11
LDHA,1.170008944,1.45E-15
AGO2,1.168259601,3.12E-09
C4orf21,1.167113023,1.96E-15
MTFP1,1.165242066,5.65E-12
RPL14,1.164256341,2.49E-15
RPS23,1.162363295,1.59E-18
IGFBP2,1.161834937,4.55E-12
LAMP5,1.160730042,2.71E-04
DKC1,1.160026144,2.63586E-34
CRABP2,1.157124125,1.00E-06
SIVA1,1.157113225,6.51E-25
RPL12,1.154945015,3.79E-16
NOB1,1.154833281,1.17E-21
PAM16,1.154715573,3.11E-28
ZNF581,1.1543839,1.30E-17
TIMM8A,1.15365836,1.02E-15
CALN1,1.152502,2.06E-04
SCML2,1.152240437,2.02E-15
LINC00682,1.151762,3.61E-13
RPS18,1.151219749,5.95E-16
GJC1,1.150016531,2.91E-18
MRPL3,1.149703368,1.41E-28
RPS9,1.148505183,5.88E-19
NR2C2AP,1.147503,3.74E-26
RAD54L,1.147333917,1.27E-11
RPS20,1.146652064,1.45E-21
CHAF1B,1.145940123,5.04E-19
CCSER1,1.145501,2.22E-07
RPL41,1.144439412,1.06E-18
CHML,1.143121839,2.75E-15
ACTL6A,1.14289437,3.57E-31
RPL28,1.14279316,1.52E-19
FAM65C,1.142703,4.74E-05
RSL1D1,1.142564177,2.26E-20
PPA1,1.141152722,6.26E-15
TMPO-AS1,1.139277,6.49E-06
WDHD1,1.139196199,5.71E-18
WDR34,1.138423,2.86E-25
PRTFDC1,1.137278177,3.94E-16
FJX1,1.133763838,3.28E-15
PIGA,1.133365411,1.71E-07
RAN,1.133359097,6.85E-29
HSPE1,1.133341648,1.34E-19
IGF2,1.131879643,2.69E-03
PDIA6,1.130799562,2.59E-11
SHCBP1,1.130219,3.61E-11
ATIC,1.128514456,2.60E-22
H1FX,1.128490734,3.10E-25
PPAT,1.128155033,7.04E-19
RPS28,1.127955168,3.15E-16
MCM8,1.127558,1.41E-17
PLCD4,-1.224606,5.43727E-11
CD86,-1.227224245,1.08046E-11
TRIM73,-1.227369,3.22545E-12
IGFBP5,-1.2283285,1.53236E-08
RASD1,-1.229094897,3.3763E-09
DNAJC6,-1.230864615,3.27521E-28
PON2,-1.231020753,4.01655E-12
PRKCB,-1.232132373,4.72936E-08
TNFSF10,-1.233262651,3.42486E-10
KCNQ3,-1.233557055,5.5195E-11
IL13RA1,-1.23392793,2.37462E-14
CAPG,-1.233938888,1.47378E-10
ITPKB,-1.234352515,5.12899E-12
CSF1,-1.234796263,1.06662E-15
SPI1,-1.235033695,1.08204E-17
CASP1,-1.236203188,6.25551E-16
CPVL,-1.23662142,4.0504E-16
HLA-C,-1.237697052,1.28266E-12
GIMAP6,-1.23937,1.68581E-12
CGN,-1.240495338,6.59215E-12
GBP2,-1.240740267,2.80912E-12
CELF6,-1.240749614,1.18628E-26
EGR2,-1.241153903,1.12237E-05
IFIH1,-1.241238308,4.06189E-08
SPRYD3,-1.241554,1.70541E-18
RAB37,-1.241587,5.37506E-06
ST3GAL1,-1.242075075,1.42675E-19
SAMD9,-1.243127398,8.64945E-10
MMP9,-1.243216504,3.94659E-05
HCST,-1.243511643,1.22999E-10
SIGLEC10,-1.243631,1.60176E-11
CRISPLD2,-1.245537,6.83354E-09
IFIT2,-1.24564439,1.64353E-09
MBP,-1.24579902,3.4718E-09
MYO18A,-1.246333,3.65314E-32
CLSTN3,-1.24681938,6.41168E-32
ZHX2,-1.247883129,1.49838E-22
CPNE5,-1.248739614,2.81251E-12
C10orf10,-1.248787068,1.02027E-11
LXN,-1.251738902,5.77608E-08
PSD2,-1.251881,2.74285E-22
PCDHGC4,-1.253611917,7.02649E-19
ECEL1,-1.254751486,0.000320791
C10orf54,-1.254953833,2.858E-14
CDRT4,-1.256007,9.09676E-13
NTM,-1.256538943,4.2719E-08
AIF1,-1.256762886,8.54244E-18
CAPN5,-1.257719501,1.35096E-21
IGSF6,-1.259688006,1.31243E-15
CYP46A1,-1.260431477,1.52667E-11
SGK1,-1.260655599,6.57393E-17
DAB2,-1.266972911,2.42834E-17
HLA-B,-1.266975737,2.22373E-12
TAP1,-1.267350152,7.42617E-12
KIF5A,-1.267466739,1.2869E-23
XAF1,-1.267759185,1.41952E-07
BCL6,-1.268700471,1.48264E-09
TNFRSF14,-1.269966765,4.70211E-16
LRMP,-1.270671645,1.98812E-09
TNFAIP2,-1.271098406,7.97194E-18
SYT7,-1.271969524,1.88026E-14
CD209,-1.273274057,1.33487E-08
SYBU,-1.273879748,1.44576E-16
SAMD9L,-1.274328,1.22972E-08
GNG12,-1.274796378,3.60373E-14
SLC37A2,-1.27565,5.14655E-13
SLC40A1,-1.275652307,1.42877E-14
ST8SIA2,-1.276437801,2.4146E-20
SP100,-1.276975366,9.25481E-13
CLU,-1.278241841,4.33716E-11
ANKRD29,-1.280132,1.16905E-10
GABRG2,-1.280349579,9.51632E-06
CDH22,-1.280817,1.13941E-05
CECR1,-1.282697251,1.16466E-14
THEMIS2,-1.283151796,1.09046E-15
FABP3,-1.284343768,1.24689E-09
CNTNAP2,-1.286805742,8.59144E-10
CPXM2,-1.287188,9.67357E-09
CD247,-1.287838445,4.81504E-09
ARHGEF10L,-1.287857798,2.41981E-22
FAM69A,-1.290103,1.42251E-14
DPYD,-1.292764802,1.21683E-21
PEAR1,-1.293498,8.31591E-13
VWA5A,-1.295803461,2.7778E-06
NCDN,-1.298408788,1.27132E-31
TMBIM1,-1.298888408,1.39221E-14
PLD2,-1.299452256,1.98215E-17
UBASH3B,-1.299666,9.19712E-11
PCED1B-AS1,-1.299771,5.21835E-09
IGJ,-1.300613866,1.09624E-05
PTPRF,-1.301386466,6.52371E-20
SYNM,-1.301567687,5.51765E-15
SGK2,-1.301938665,2.18101E-11
EVI2A,-1.303359052,3.0483E-12
COL9A3,-1.303801721,3.91146E-06
KIAA0226L,-1.304769,2.8444E-10
IRF1,-1.305201244,1.86245E-15
LSMEM1,-1.305802,1.28451E-20
ULBP2,-1.308332,8.05434E-10
VWDE,-1.308885,2.2144E-07
PLB1,-1.309897,2.15168E-09
SLC1A3,-1.311068968,5.93858E-08
INMT,-1.311120374,4.70882E-08
AMPH,-1.311460835,1.1884E-12
HLA-E,-1.311901858,3.83967E-14
TNFSF13B,-1.312434338,3.79745E-14
PCDHGA5,-1.31424048,5.81193E-07
PCDHGB1,-1.314791713,2.46552E-07
LILRB4,-1.316265459,1.74714E-12
CAB39L,-1.316627,2.65059E-19
PRR5,-1.3171552,1.3923E-12
RAB15,-1.317674,4.04516E-22
NLRC5,-1.318279,1.42882E-11
IL27RA,-1.31880201,5.62108E-13
SDPR,-1.319625594,1.80373E-10
WSB1,-1.320396291,3.64778E-25
SERPINB9,-1.321878465,7.81491E-15
ADCY1,-1.322900257,1.21722E-17
ERAP2,-1.325080306,5.85195E-10
PALM3,-1.325205,1.54643E-10
ZFP36L1,-1.327123558,4.50629E-14
ARRDC2,-1.327355063,4.10946E-15
COL7A1,-1.329315742,2.5786E-11
NCALD,-1.329807,5.75838E-21
ABCA7,-1.329892999,2.71747E-14
CD84,-1.330218865,5.77395E-10
ANXA1,-1.33099389,7.7367E-11
BTBD3,-1.331599846,3.82248E-15
PEG10,-1.331922924,5.16659E-17
GIMAP2,-1.334137239,1.19005E-10
CD33,-1.334461291,7.643E-12
DRAXIN,-1.334797,1.04994E-07
MILR1,-1.335963,2.20687E-12
PTAFR,-1.338378637,7.66687E-11
DOCK8,-1.338467,1.41955E-09
C2CD4B,-1.340666,5.53191E-07
FPR3,-1.34169112,7.79063E-17
ARHGAP9,-1.341989,1.93942E-11
DOC2B,-1.342839891,1.25617E-26
REEP6,-1.34407,1.04759E-09
PLAC8,-1.344129183,2.52369E-06
GIMAP1,-1.345238,5.60039E-09
SLC9A9,-1.345332,5.05755E-11
CYR61,-1.346079124,3.09007E-07
LRRTM4,-1.346158,2.57145E-08
PRUNE2,-1.347962,4.8494E-13
SPRY1,-1.348877834,7.10478E-11
SYT13,-1.349452408,4.20755E-10
BTK,-1.349564908,6.58349E-12
CYTH4,-1.349788855,2.95027E-13
WAS,-1.350076077,2.51168E-15
ITGB7,-1.350395798,4.12213E-09
DGKA,-1.350407699,3.91937E-17
CD3D,-1.350813362,1.49129E-06
MYO15A,-1.351168589,1.13653E-07
FOSB,-1.354711563,0.000262988
TPPP3,-1.355362878,3.66995E-09
KIAA1755,-1.356593,3.91291E-11
KLF4,-1.358458676,6.47411E-06
FOXO1,-1.360174032,6.37021E-15
PCSK1,-1.360692787,3.59639E-08
TOM1L2,-1.36274,1.31267E-62
CLIC2,-1.363221261,5.68825E-14
LST1,-1.363394474,8.4713E-20
NAPSB,-1.367572,2.45492E-10
PCDHGB6,-1.368004527,1.25085E-08
HOXC9,-1.369483666,7.29729E-10
TRAF3IP3,-1.370693,6.5667E-10
CRYAB,-1.371140503,2.20817E-07
FOLR2,-1.371208433,1.81935E-14
DAB1,-1.374030521,8.93015E-10
SOD3,-1.374166506,1.17126E-10
SYTL1,-1.374931,1.00584E-07
EBI3,-1.374961855,5.81407E-11
LILRB1,-1.37597482,1.70866E-12
PLSCR4,-1.37660249,3.61323E-10
FAIM3,-1.378227603,1.22718E-05
GBP3,-1.384002832,5.76874E-12
F3,-1.384031722,7.72696E-08
CACNA2D3,-1.38489771,1.85826E-12
CMKLR1,-1.38682059,8.38508E-16
FMNL1,-1.386962157,2.13724E-19
ITGAM,-1.387615978,3.3937E-12
ARHGAP36,-1.387751,0.000259276
FREM1,-1.38856,4.11775E-08
LACC1,-1.388562,6.44298E-13
KLF2,-1.39108491,3.82652E-11
MIA,-1.391163997,4.01875E-07
RAC2,-1.393609704,6.06245E-10
SNX10,-1.3937682,1.98699E-08
TRIM22,-1.39441526,8.33458E-12
LAMA4,-1.394956025,9.04918E-17
SEMA3G,-1.395046699,1.41804E-12
EDNRB,-1.39640483,2.12492E-12
FBXO2,-1.396817004,8.30489E-07
RSG1,-1.398353,1.36208E-20
PIK3R5,-1.399273757,5.3148E-13
SPN,-1.399582981,1.15864E-08
CD53,-1.400019185,2.63299E-15
MAN1C1,-1.40021307,3.79872E-13
ZEB2,-1.40147287,2.3629E-17
PID1,-1.402741035,5.43227E-12
DRD2,-1.403536385,3.89538E-06
COL14A1,-1.403962922,9.97948E-09
HLA-DMA,-1.406145421,4.83857E-16
INPP5D,-1.406293467,3.94053E-18
RBM47,-1.407709523,4.5901E-11
PRPH,-1.408116963,5.65474E-08
GCGR,-1.408678985,0.002298431
GALNT3,-1.409397794,2.97488E-14
PCDHA1,-1.411625341,5.222E-15
C1R,-1.412452557,1.15649E-09
HLA-F,-1.414216867,1.85522E-14
PLCH2,-1.41511625,7.10203E-08
CYBRD1,-1.41736,8.3549E-13
HCK,-1.417815757,1.77989E-22
FGR,-1.418285241,1.6114E-13
PLEKHA4,-1.419158124,6.78908E-08
CCDC69,-1.420225001,2.2315E-10
PSTPIP1,-1.421678361,2.30958E-11
MAP7,-1.422203946,5.25924E-19
PACSIN1,-1.426870569,9.03385E-09
PRICKLE2,-1.427217,8.93094E-18
TNFRSF25,-1.428176412,1.52934E-13
NRBP2,-1.433034,9.82573E-28
ARHGAP30,-1.433422,1.2429E-14
HLA-DRB5,-1.434492505,0.000683496
RGMA,-1.434962419,1.56937E-14
CD7,-1.436034559,1.40952E-08
ACHE,-1.436198826,3.2965E-09
SYK,-1.438446952,1.74834E-14
PHLDB1,-1.439106,2.84848E-34
MYO1F,-1.439250234,1.38767E-23
GFRA3,-1.441234645,3.02893E-10
VSTM2A,-1.441518,1.25606E-11
CASP8,-1.44308881,4.4221E-17
KNDC1,-1.443094,7.46696E-13
CORO2B,-1.444666648,1.00699E-18
SLC18A2,-1.444947522,7.60624E-09
DEF6,-1.446582108,1.72845E-14
LAIR1,-1.446582331,9.83201E-19
LDLRAP1,-1.447739008,4.88934E-11
TNFRSF1B,-1.448188812,1.27365E-24
NFKB2,-1.448776105,2.26142E-20
CA10,-1.449805078,4.26468E-08
GGTA1P,-1.450173669,2.24167E-16
DENND2D,-1.451696,1.03211E-11
FSTL5,-1.452916073,5.62479E-07
CREG2,-1.453142,2.12034E-08
KCNC4,-1.454583866,1.10852E-17
NR4A1,-1.454908243,1.82562E-07
APBA1,-1.455896247,8.44779E-25
IL4I1,-1.456744,3.63476E-11
TUBA4A,-1.457358288,8.24643E-09
RASSF4,-1.460953,8.26889E-23
SASH3,-1.461322178,3.25853E-14
TBC1D10C,-1.462782,5.74551E-09
GIMAP8,-1.462977,4.57288E-16
ANXA2,-1.46526038,1.52639E-14
CD97,-1.468764745,1.1855E-15
NKG7,-1.46956882,6.01678E-12
GPR123,-1.47001,1.03258E-12
FGD3,-1.470026,1.95975E-12
PLEKHG5,-1.471514778,1.80823E-18
EBF1,-1.47259692,5.8793E-12
KCNAB2,-1.475115125,3.54817E-32
CNR1,-1.476760311,1.82274E-15
CD300LF,-1.477527,4.53899E-13
GIMAP7,-1.481918,2.96023E-13
HCP5,-1.482119383,3.23219E-14
NCKAP1L,-1.48322201,2.91673E-19
APBB1IP,-1.492635528,1.65127E-14
LINC00869,-1.492811352,4.50078E-14
DNER,-1.493594,1.98906E-11
CAMK2B,-1.494535664,4.1594E-27
CCBE1,-1.495107,4.78996E-09
C8orf4,-1.49555586,1.25688E-12
ANKRD6,-1.495975492,6.50427E-19
AK5,-1.49621343,7.38916E-24
GS1-18A18.1,-1.496514,4.47939E-16
PLCXD3,-1.49758,4.16759E-07
ZFP36,-1.500061897,3.96239E-08
PLXNC1,-1.501146404,5.9213E-24
PTPN7,-1.503600379,4.55392E-12
GGT5,-1.504031816,1.91005E-16
ITM2A,-1.506494984,7.02215E-14
DOCK3,-1.507565642,2.61308E-16
TNC,-1.509654941,5.27136E-13
ICAM1,-1.509691944,8.53968E-18
AHI1,-1.511806453,1.02991E-31
PIK3CD,-1.511833269,2.10649E-26
CD52,-1.514427542,3.63254E-09
CADM3,-1.514900334,9.16681E-24
CCL21,-1.51541261,0.0003615
ARHGEF6,-1.51851898,4.49477E-18
IL32,-1.519849632,3.75546E-17
ATHL1,-1.526,2.00086E-10
HLA-DPB1,-1.526451699,2.72314E-17
OPHN1,-1.527688552,7.45216E-07
LCP2,-1.529358858,1.326E-20
IL16,-1.529421107,2.63664E-13
VAMP1,-1.529693089,2.6757E-27
CCL14,-1.530173248,1.69641E-10
FNDC9,-1.530598,4.31122E-11
WNT4,-1.530995533,1.81929E-13
CSF1R,-1.531004064,1.44322E-18
SLC15A3,-1.533042289,1.39261E-19
CYB5R2,-1.534885027,1.81798E-08
HCLS1,-1.535901984,6.25508E-22
MST1P2,-1.537426,1.12536E-08
GNLY,-1.538106807,1.85735E-15
CD37,-1.541737593,6.19758E-10
PCED1B,-1.543046,5.73388E-14
GBP4,-1.543685,3.724E-16
SEPP1,-1.544012308,1.59283E-17
APOL3,-1.544463,8.80791E-18
ITGB2,-1.550892585,2.51813E-20
GBP1,-1.553548515,1.56341E-12
LEF1,-1.555223255,1.54842E-11
RASAL3,-1.555308,8.54498E-14
GABARAPL1,-1.55650145,1.92901E-22
TAGAP,-1.560803,4.84739E-14
SELPLG,-1.565569132,9.23236E-19
IL10RA,-1.565717765,1.66447E-23
NAV3,-1.571303,8.56863E-14
IL34,-1.571557,9.39027E-18
VAV1,-1.572878522,2.23231E-16
RGS1,-1.573378127,1.52114E-11
SNX20,-1.574181,7.23434E-14
IL33,-1.575439,5.75506E-17
TNS1,-1.577060446,1.03452E-20
SLC18A1,-1.582951258,2.23185E-09
WDFY4,-1.587086018,5.91839E-14
EPS8L1,-1.588830831,2.32583E-19
ABCC3,-1.589731924,3.18201E-19
RAMP3,-1.597358019,2.63539E-14
ARHGAP15,-1.597443253,1.34168E-14
FUCA1,-1.598064571,1.56558E-24
HLA-DMB,-1.598189418,2.85693E-20
HLA-DPA1,-1.599551271,3.73376E-15
PARVG,-1.604665638,3.88444E-18
HLA-DRB1,-1.605601508,3.06567E-13
CSF2RB,-1.607760761,1.73509E-15
PDE4DIP,-1.60794161,5.35658E-29
BIN2,-1.607978754,1.36664E-17
ALCAM,-1.608179117,4.57634E-14
TMEFF2,-1.609551765,4.51688E-14
PDK4,-1.609576096,2.05426E-14
ATP2A3,-1.610602067,1.0337E-17
CPNE9,-1.611493,9.73646E-20
DOCK2,-1.618145288,2.24687E-21
LTB,-1.622331228,1.23978E-08
EPHA5,-1.62496394,7.70553E-09
GPNMB,-1.629669843,3.42267E-20
CXCL12,-1.633050963,6.85361E-20
CD6,-1.634212504,2.79995E-11
NT5C1A,-1.636647,1.14406E-12
AGRN,-1.637044,9.48325E-24
ABLIM3,-1.638280934,4.37863E-22
ADAMDEC1,-1.643912345,2.2637E-14
FAM65B,-1.64460427,1.40178E-10
IL2RB,-1.648687227,4.45597E-15
LCK,-1.649566368,1.32465E-09
EVI2B,-1.64991523,8.66367E-18
IGSF1,-1.650861729,1.11349E-07
CTSS,-1.651108653,1.64043E-19
TGFBR2,-1.652109762,3.14087E-19
CCR7,-1.659421755,1.60358E-08
LCP1,-1.659547765,2.75961E-15
KIAA0513,-1.66339417,1.54073E-19
IKZF1,-1.664298315,1.44556E-12
FBLN5,-1.664787931,7.82117E-13
CLEC7A,-1.664992,1.65256E-18
AKAP7,-1.665764472,2.28415E-12
EDIL3,-1.666168665,1.07284E-09
KLHL6,-1.667015,4.42039E-15
LRRC71,-1.673991,9.99381E-20
CYTIP,-1.675265614,1.72712E-13
CD48,-1.681797617,3.08836E-15
CDH10,-1.682290326,6.38268E-08
PTPRH,-1.686523422,8.0637E-13
HLA-DQB1,-1.686866813,4.64243E-11
FGD2,-1.686883,1.2428E-21
TFEC,-1.687950775,2.5138E-15
PLEK,-1.688063029,8.43329E-24
BAIAP3,-1.688711307,8.13927E-07
MAP1A,-1.691994884,1.10344E-22
ZBTB16,-1.694623991,1.10036E-16
ACAP1,-1.695398733,2.52042E-12
PLA2G7,-1.699476996,9.98495E-21
FAXDC2,-1.700625972,6.88336E-20
GDPD5,-1.701801,1.32289E-28
ADH1B,-1.705050498,2.71296E-08
ATP2B4,-1.706762932,4.08379E-19
UPP1,-1.709529595,4.71602E-17
CD4,-1.709600286,2.24619E-28
CYBB,-1.711403232,1.43248E-24
NXPH1,-1.714956968,3.4596E-19
MDGA1,-1.719466,2.83139E-12
NRCAM,-1.723197415,2.80181E-25
SLCO2B1,-1.727110239,1.83782E-26
HLA-DRA,-1.743042521,3.16318E-18
ABCA10,-1.744725401,1.21131E-12
CD2,-1.750820575,4.10713E-13
APLNR,-1.752159411,2.94314E-23
PLXNA4,-1.752231,6.57253E-13
GAS7,-1.752945654,2.17232E-11
TMC8,-1.753691,2.5931E-14
RHBDL3,-1.773674,7.59264E-18
KIAA1456,-1.775842467,2.87559E-15
AOAH,-1.778203089,5.32274E-31
CCL2,-1.780138862,5.32897E-15
IRF8,-1.784326797,2.83103E-24
CD74,-1.792030459,2.07567E-19
ZAP70,-1.797415188,9.33082E-13
EPB41L3,-1.813960386,2.11572E-13
CDH6,-1.816063125,1.12126E-14
ADCYAP1,-1.818278517,1.79001E-05
CD3E,-1.819098751,1.02819E-10
ITGAX,-1.836757635,6.61481E-26
UBD,-1.849187879,1.19604E-07
C1S,-1.852499327,1.26484E-16
SELL,-1.853491189,2.83317E-10
SCG2,-1.859627872,4.52441E-22
TMEM255A,-1.859750112,2.50563E-16
PGM2L1,-1.862385,7.2201E-46
ALDOC,-1.862900381,1.37721E-22
EPB41L4A,-1.864215984,1.74145E-22
HLA-DQA1,-1.865451189,5.08323E-14
HOXC-AS1,-1.866476,1.09449E-16
SLAMF7,-1.867000851,7.98473E-18
FCN1,-1.877599087,2.3556E-17
CIITA,-1.87873994,2.295E-15
OGN,-1.87919173,3.74294E-09
CTSH,-1.880205616,1.21484E-25
VCAM1,-1.890110338,1.33975E-22
GPR183,-1.894482822,5.98381E-16
CCL5,-1.895399251,1.53534E-15
PTPRC,-1.89588397,4.73047E-17
ITGA8,-1.899442111,2.5515E-09
IL2RG,-1.905384182,2.02629E-16
HLA-DQB2,-1.906841583,1.42088E-15
CTSW,-1.918335628,3.15774E-17
PMP22,-1.919673303,1.50167E-22
SNCG,-1.928541592,1.9131E-10
AHR,-1.932990876,1.4693E-16
FYB,-1.941269416,2.16623E-21
TNFAIP3,-1.94871989,3.55723E-20
ITGAL,-1.957458757,6.78915E-22
U3,-1.958312,8.93132E-10
RAB3B,-1.960174279,4.09185E-24
PKIB,-1.960810439,2.82865E-14
LGI4,-1.975081,1.15378E-10
NR4A2,-1.975406086,8.00069E-10
MPEG1,-1.976665,4.42367E-32
SLAMF8,-1.996869419,8.27444E-26
CGNL1,-1.998171,7.91865E-26
HSD17B3,-2.042294482,1.17376E-17
TRPV2,-2.059196339,6.64919E-21
AMICA1,-2.066794,9.06978E-23
FXYD1,-2.077579669,9.46621E-10
PDE6G,-2.080710663,6.21545E-26
FGL2,-2.083112074,2.40808E-26
HPCAL4,-2.08955992,1.73093E-20
DYNC1I1,-2.097312433,1.47605E-16
MATN2,-2.100381391,1.20436E-30
SCN7A,-2.115779156,6.91694E-21
CAMK2A,-2.122470548,7.62506E-15
IL18,-2.12419897,8.66933E-28
ALS2CL,-2.13224,5.66328E-21
SYT2,-2.145328,2.97893E-15
ALDH1A1,-2.165905942,1.73893E-18
HLA-DQA2,-2.172543093,2.18817E-19
BIRC3,-2.17913936,7.76683E-19
LYZ,-2.238617333,6.00483E-25
SV2B,-2.240083413,7.96874E-16
PAPLN,-2.243353,1.90099E-28
IL7R,-2.243920219,8.82969E-16
KLRK1,-2.250267425,1.75606E-21
RGS9,-2.25607202,8.39712E-21
HS3ST5,-2.271426,1.82246E-22
SPOCK2,-2.301004782,2.15978E-22
RBP5,-2.303816,2.25222E-40
NTRK1,-2.318968603,7.65661E-12
MPZ,-2.360559047,2.15348E-19
CHD5,-2.42156135,4.27201E-25
KIRREL3,-2.441544,1.55674E-24
APOD,-2.462759786,1.15616E-05
INSRR,-2.47178468,6.17492E-14
DNASE1L3,-2.506821718,5.68494E-25
C7,-2.534833019,3.22095E-17
DIRAS3,-2.584193876,8.52437E-14
S100B,-2.671908328,4.49632E-18
C17orf107,-2.673903,3.06081E-33
LGI3,-2.694574,1.45854E-28
PIRT,-2.88968,5.69734E-22
CCL19,-3.009266042,1.47713E-13
AMIGO2,-3.148373,8.88181E-28
HAP1,-3.188740152,9.0473E-23
PTGDS,-3.930351664,5.13126E-31
